Site ID	Name	Principal Investigator	Data Use Policy	AmeriFlux BASE Data	AmeriFlux FLUXNET Data	Vegetation Abbreviation (IGBP)	Vegetation Description (IGBP)	Climate Class Abbreviation (Koeppen)	Climate Class Description (Koeppen)	Mean Average Precipitation (mm)	Mean Average Temperature (degrees C)	Country	Latitude (degrees)	Longitude (degrees)	Elevation (m)	Years of AmeriFlux BASE Data	AmeriFlux BASE DOI	Years of AmeriFlux FLUXNET Data	AmeriFlux FLUXNET DOI	Site Start	Site End	BASE variables available	FLUXNET variables available
"CR-Lse"	"La Selva"	"Hank Loescher (hloescher@neoninc.org)"	"Legacy"	"Yes"	"No"	"EBF"	"Evergreen Broadleaf Forests: Lands dominated by woody vegetation with a percent cover >60% and height exceeding 2 meters. Almost all trees and shrubs remain green year round. Canopy is never without green foliage."	"Am"	"Tropical monsoon"	"3965.57"	"25.9"	"Costa Rica"	"10.4233"	"-84.0211"	"100"	"1997, 1998, 1999"	"https://doi.org/10.17190/AMF/1246013"	""	"https://doi.org/"	"1998"	""	"APAR, CO2, FAPAR, FC, G, H, H2O, LE, LW_IN, LW_OUT, NEE, NETRAD, P, PA, PPFD_DIF, PPFD_IN, PPFD_OUT, RECO, RH, SC, SH, SLE, SWC, SW_DIF, SW_IN, SW_OUT, TA, TS, USTAR, VPD, WD, WS, ZL"	""
"PR-xGU"	"NEON Guanica Forest (GUAN)"	"National Ecological Observatory Network (neon-ameriflux@battelleecology.org)"	"CC-BY-4.0"	"Yes"	"No"	"EBF"	"Evergreen Broadleaf Forests: Lands dominated by woody vegetation with a percent cover >60% and height exceeding 2 meters. Almost all trees and shrubs remain green year round. Canopy is never without green foliage."	"Am"	"Tropical monsoon"	"1168"	"25"	"Puerto Rico"	"17.9696"	"-66.8687"	"143"	"2018, 2019, 2020, 2021, 2022"	"https://doi.org/10.17190/AMF/1773393"	""	"https://doi.org/"	"2018"	""	"CH4, CH4_MIXING_RATIO, CO2, CO2_MIXING_RATIO, FC, FETCH_90, FETCH_MAX, G, H, H2O, H2O_MIXING_RATIO, LE, LW_BC_IN, LW_BC_OUT, LW_IN, LW_OUT, NEE, NETRAD, P, PA, PPFD_BC_IN, PPFD_IN, PPFD_OUT, RH, SC, SH, SLE, SWC, SW_DIF, SW_IN, SW_OUT, TA, T_CANOPY, THROUGHFALL, TS, T_SONIC, T_SONIC_SIGMA, USTAR, VPD, V_SIGMA, WD, WS, WS_MAX"	""
"PR-xLA"	"NEON Lajas Experimental Station (LAJA)"	"National Ecological Observatory Network (neon-ameriflux@battelleecology.org)"	"CC-BY-4.0"	"Yes"	"No"	"GRA"	"Grasslands: Lands with herbaceous types of cover. Tree and shrub cover is less than 10%. Permanent wetlands lands with a permanent mixture of water and herbaceous or woody vegetation. The vegetation can be present in either salt, brackish, or fresh water."	"Am"	"Tropical monsoon"	"1168"	"25"	"Puerto Rico"	"18.0212"	"-67.0769"	"24"	"2018, 2019, 2020, 2021, 2022"	"https://doi.org/10.17190/AMF/1773394"	""	"https://doi.org/"	"2018"	""	"CH4, CH4_MIXING_RATIO, CO2, CO2_MIXING_RATIO, FC, FETCH_90, FETCH_MAX, G, H, H2O, H2O_MIXING_RATIO, LE, LW_BC_IN, LW_BC_OUT, LW_IN, LW_OUT, NEE, NETRAD, P, PA, PPFD_BC_IN, PPFD_IN, PPFD_OUT, RH, SC, SH, SLE, SWC, SW_DIF, SW_IN, SW_OUT, TA, T_CANOPY, TS, T_SONIC, T_SONIC_SIGMA, USTAR, VPD, V_SIGMA, WD, WS, WS_MAX"	""
"US-xAB"	"NEON Abby Road (ABBY)"	"National Ecological Observatory Network (neon-ameriflux@battelleecology.org)"	"CC-BY-4.0"	"Yes"	"Yes"	"ENF"	"Evergreen Needleleaf Forests: Lands dominated by woody vegetation with a percent cover >60% and height exceeding 2 meters. Almost all trees remain green all year. Canopy is never without green foliage."	"Csb"	"Mediterranean: mild with dry, warm summer"	"2450.59"	"10"	"USA"	"45.7624"	"-122.3303"	"363"	"2017, 2018, 2019, 2020, 2021, 2022"	"https://doi.org/10.17190/AMF/1617726"	"2019, 2020, 2021"	"https://doi.org/10.17190/AMF/2229403"	"2017"	""	"CH4, CH4_MIXING_RATIO, CO2, CO2_MIXING_RATIO, FC, FETCH_90, FETCH_MAX, G, H, H2O, H2O_MIXING_RATIO, LE, LW_BC_IN, LW_BC_OUT, LW_IN, LW_OUT, NEE, NETRAD, P, PA, PPFD_BC_IN, PPFD_IN, PPFD_OUT, RH, SC, SH, SLE, SWC, SW_DIF, SW_IN, SW_OUT, TA, T_CANOPY, THROUGHFALL, TS, T_SONIC, T_SONIC_SIGMA, USTAR, VPD, V_SIGMA, WD, WS, WS_MAX"	""
"US-xAE"	"NEON Klemme Range Research Station (OAES)"	"National Ecological Observatory Network (neon-ameriflux@battelleecology.org)"	"CC-BY-4.0"	"Yes"	"Yes"	"GRA"	"Grasslands: Lands with herbaceous types of cover. Tree and shrub cover is less than 10%. Permanent wetlands lands with a permanent mixture of water and herbaceous or woody vegetation. The vegetation can be present in either salt, brackish, or fresh water."	"Cfa"	"Humid Subtropical: mild with no dry season, hot summer"	"778.85"	"15.5"	"USA"	"35.4106"	"-99.0588"	"516"	"2017, 2018, 2019, 2020, 2021, 2022"	"https://doi.org/10.17190/AMF/1671891"	"2017, 2018, 2019, 2020, 2021"	"https://doi.org/10.17190/AMF/1985434"	"2017"	""	"CH4, CH4_MIXING_RATIO, CO2, CO2_MIXING_RATIO, FC, FETCH_90, FETCH_MAX, G, H, H2O, H2O_MIXING_RATIO, LE, LW_BC_IN, LW_BC_OUT, LW_IN, LW_OUT, NEE, NETRAD, P, PA, PPFD_BC_IN, PPFD_IN, PPFD_OUT, RH, SC, SH, SLE, SWC, SW_DIF, SW_IN, SW_OUT, TA, T_CANOPY, TS, T_SONIC, T_SONIC_SIGMA, USTAR, VPD, V_SIGMA, WD, WS, WS_MAX"	""
"US-xBA"	"NEON Barrow Environmental Observatory (BARR)"	"National Ecological Observatory Network (neon-ameriflux@battelleecology.org)"	"CC-BY-4.0"	"Yes"	"Yes"	"WET"	"Permanent Wetlands: Lands with a permanent mixture of water and herbaceous or woody vegetation that cover extensive areas. The vegetation can be present in either salt, brackish, or fresh water"	"ET"	"Tundra"	"110"	"-12"	"USA"	"71.2824"	"-156.6194"	"6"	"2017, 2018, 2019, 2020, 2021, 2022"	"https://doi.org/10.17190/AMF/1671892"	"2019, 2020, 2021"	"https://doi.org/10.17190/AMF/2229404"	"2017"	""	"CH4, CH4_MIXING_RATIO, CO2, CO2_MIXING_RATIO, FC, FETCH_90, FETCH_MAX, G, H, H2O, H2O_MIXING_RATIO, LE, LW_BC_IN, LW_BC_OUT, LW_IN, LW_OUT, NEE, NETRAD, P, PA, PPFD_BC_IN, PPFD_IN, PPFD_OUT, RH, SC, SH, SLE, SWC, SW_DIF, SW_IN, SW_OUT, TA, T_CANOPY, TS, T_SONIC, T_SONIC_SIGMA, USTAR, VPD, V_SIGMA, WD, WS, WS_MAX"	""
"US-xBL"	"NEON Blandy Experimental Farm (BLAN)"	"National Ecological Observatory Network (neon-ameriflux@battelleecology.org)"	"CC-BY-4.0"	"Yes"	"Yes"	"DBF"	"Deciduous Broadleaf Forests: Lands dominated by woody vegetation with a percent cover >60% and height exceeding 2 meters.  Consists of broadleaf tree communities with an annual cycle of leaf-on and leaf-off periods."	"Cfa"	"Humid Subtropical: mild with no dry season, hot summer"	"982.55"	"12.1"	"USA"	"39.0603"	"-78.0716"	"183"	"2017, 2018, 2019, 2020, 2021, 2022"	"https://doi.org/10.17190/AMF/1671893"	"2019, 2020, 2021"	"https://doi.org/10.17190/AMF/2229405"	"2016"	""	"CH4, CH4_MIXING_RATIO, CO2, CO2_MIXING_RATIO, FC, FETCH_90, FETCH_MAX, G, H, H2O, H2O_MIXING_RATIO, LE, LW_BC_IN, LW_BC_OUT, LW_IN, LW_OUT, NEE, NETRAD, P, PA, PPFD_BC_IN, PPFD_IN, PPFD_OUT, RH, SC, SH, SLE, SWC, SW_DIF, SW_IN, SW_OUT, TA, T_CANOPY, THROUGHFALL, TS, T_SONIC, T_SONIC_SIGMA, USTAR, VPD, V_SIGMA, WD, WS, WS_MAX"	""
"US-xBN"	"NEON Caribou Creek - Poker Flats Watershed (BONA)"	"National Ecological Observatory Network (neon-ameriflux@battelleecology.org)"	"CC-BY-4.0"	"Yes"	"Yes"	"ENF"	"Evergreen Needleleaf Forests: Lands dominated by woody vegetation with a percent cover >60% and height exceeding 2 meters. Almost all trees remain green all year. Canopy is never without green foliage."	"Dwc"	"Subarctic: severe, dry winter, cool summer "	"275"	"-2"	"USA"	"65.1540"	"-147.5026"	"263"	"2017, 2018, 2019, 2020, 2021, 2022"	"https://doi.org/10.17190/AMF/1617727"	"2019, 2020, 2021"	"https://doi.org/10.17190/AMF/2229406"	"2017"	""	"CH4, CH4_MIXING_RATIO, CO2, CO2_MIXING_RATIO, FC, FETCH_90, FETCH_MAX, G, H, H2O, H2O_MIXING_RATIO, LE, LW_BC_IN, LW_BC_OUT, LW_IN, LW_OUT, NEE, NETRAD, P, PA, PPFD_BC_IN, PPFD_IN, PPFD_OUT, RH, SC, SH, SLE, SWC, SW_DIF, SW_IN, SW_OUT, TA, T_CANOPY, THROUGHFALL, TS, T_SONIC, T_SONIC_SIGMA, USTAR, VPD, V_SIGMA, WD, WS, WS_MAX"	""
"US-xBR"	"NEON Bartlett Experimental Forest (BART)"	"National Ecological Observatory Network (neon-ameriflux@battelleecology.org)"	"CC-BY-4.0"	"Yes"	"Yes"	"DBF"	"Deciduous Broadleaf Forests: Lands dominated by woody vegetation with a percent cover >60% and height exceeding 2 meters.  Consists of broadleaf tree communities with an annual cycle of leaf-on and leaf-off periods."	"Dfb"	"Warm Summer Continental: significant precipitation in all seasons "	"1246"	"5.6"	"USA"	"44.0639"	"-71.2873"	"232"	"2017, 2018, 2019, 2020, 2021, 2022"	"https://doi.org/10.17190/AMF/1579542"	"2017, 2018, 2019, 2020, 2021"	"https://doi.org/10.17190/AMF/1881598"	"2016"	""	"CH4, CH4_MIXING_RATIO, CO2, CO2_MIXING_RATIO, FC, FETCH_90, FETCH_MAX, G, H, H2O, H2O_MIXING_RATIO, LE, LW_BC_IN, LW_BC_OUT, LW_IN, LW_OUT, NEE, NETRAD, P, PA, PPFD_BC_IN, PPFD_IN, PPFD_OUT, RH, SC, SH, SLE, SWC, SW_DIF, SW_IN, SW_OUT, TA, T_CANOPY, THROUGHFALL, TS, T_SONIC, T_SONIC_SIGMA, USTAR, VPD, V_SIGMA, WD, WS, WS_MAX"	""
"US-xCL"	"NEON LBJ National Grassland (CLBJ)"	"National Ecological Observatory Network (neon-ameriflux@battelleecology.org)"	"CC-BY-4.0"	"Yes"	"Yes"	"GRA"	"Grasslands: Lands with herbaceous types of cover. Tree and shrub cover is less than 10%. Permanent wetlands lands with a permanent mixture of water and herbaceous or woody vegetation. The vegetation can be present in either salt, brackish, or fresh water."	"Cfa"	"Humid Subtropical: mild with no dry season, hot summer"	"925.61"	"17.5"	"USA"	"33.4012"	"-97.5700"	"259"	"2017, 2018, 2019, 2020, 2021, 2022"	"https://doi.org/10.17190/AMF/1671894"	"2017, 2018, 2019, 2020, 2021"	"https://doi.org/10.17190/AMF/1985435"	"2017"	""	"CH4, CH4_MIXING_RATIO, CO2, CO2_MIXING_RATIO, FC, FETCH_90, FETCH_MAX, G, H, H2O, H2O_MIXING_RATIO, LE, LW_BC_IN, LW_BC_OUT, LW_IN, LW_OUT, NEE, NETRAD, P, PA, PPFD_BC_IN, PPFD_IN, PPFD_OUT, RH, SC, SH, SLE, SWC, SW_DIF, SW_IN, SW_OUT, TA, T_CANOPY, THROUGHFALL, TS, T_SONIC, T_SONIC_SIGMA, USTAR, VPD, V_SIGMA, WD, WS, WS_MAX"	""
"US-xCP"	"NEON Central Plains Experimental Range (CPER)"	"National Ecological Observatory Network (neon-ameriflux@battelleecology.org)"	"CC-BY-4.0"	"Yes"	"Yes"	"GRA"	"Grasslands: Lands with herbaceous types of cover. Tree and shrub cover is less than 10%. Permanent wetlands lands with a permanent mixture of water and herbaceous or woody vegetation. The vegetation can be present in either salt, brackish, or fresh water."	"Bsk"	"Steppe: warm winter"	"320"	"8.6"	"USA"	"40.8155"	"-104.7456"	"1654"	"2016, 2017, 2018, 2019, 2020, 2021, 2022"	"https://doi.org/10.17190/AMF/1579720"	"2016, 2017, 2018, 2019, 2020, 2021"	"https://doi.org/10.17190/AMF/1985436"	"2016"	""	"CH4, CH4_MIXING_RATIO, CO2, CO2_MIXING_RATIO, FC, FETCH_90, FETCH_MAX, G, H, H2O, H2O_MIXING_RATIO, LE, LW_BC_IN, LW_BC_OUT, LW_IN, LW_OUT, NEE, NETRAD, P, PA, PPFD_BC_IN, PPFD_IN, PPFD_OUT, RH, SC, SH, SLE, SWC, SW_DIF, SW_IN, SW_OUT, TA, T_CANOPY, TS, T_SONIC, T_SONIC_SIGMA, USTAR, VPD, V_SIGMA, WD, WS, WS_MAX"	""
"US-xDC"	"NEON Dakota Coteau Field School (DCFS)"	"National Ecological Observatory Network (neon-ameriflux@battelleecology.org)"	"CC-BY-4.0"	"Yes"	"Yes"	"GRA"	"Grasslands: Lands with herbaceous types of cover. Tree and shrub cover is less than 10%. Permanent wetlands lands with a permanent mixture of water and herbaceous or woody vegetation. The vegetation can be present in either salt, brackish, or fresh water."	"Dfb"	"Warm Summer Continental: significant precipitation in all seasons "	"489.74"	"4.9"	"USA"	"47.1617"	"-99.1066"	"559"	"2017, 2018, 2019, 2020, 2021, 2022"	"https://doi.org/10.17190/AMF/1617728"	"2017, 2018, 2019, 2020, 2021"	"https://doi.org/10.17190/AMF/1985437"	"2017"	""	"CH4, CH4_MIXING_RATIO, CO2, CO2_MIXING_RATIO, FC, FETCH_90, FETCH_MAX, G, H, H2O, H2O_MIXING_RATIO, LE, LW_BC_IN, LW_BC_OUT, LW_IN, LW_OUT, NEE, NETRAD, P, PA, PPFD_BC_IN, PPFD_IN, PPFD_OUT, RH, SC, SH, SLE, SWC, SW_DIF, SW_IN, SW_OUT, TA, T_CANOPY, TS, T_SONIC, T_SONIC_SIGMA, USTAR, VPD, V_SIGMA, WD, WS, WS_MAX"	""
"US-xDJ"	"NEON Delta Junction (DEJU)"	"National Ecological Observatory Network (neon-ameriflux@battelleecology.org)"	"CC-BY-4.0"	"Yes"	"Yes"	"ENF"	"Evergreen Needleleaf Forests: Lands dominated by woody vegetation with a percent cover >60% and height exceeding 2 meters. Almost all trees remain green all year. Canopy is never without green foliage."	"Dfc"	"Subarctic: severe winter, no dry season, cool summer"	"300"	"-2"	"USA"	"63.8811"	"-145.7514"	"529"	"2017, 2018, 2019, 2020, 2021, 2022"	"https://doi.org/10.17190/AMF/1634884"	"2019, 2020, 2021"	"https://doi.org/10.17190/AMF/2229407"	"2017"	""	"CH4, CH4_MIXING_RATIO, CO2, CO2_MIXING_RATIO, FC, FETCH_90, FETCH_MAX, G, H, H2O, H2O_MIXING_RATIO, LE, LW_BC_IN, LW_BC_OUT, LW_IN, LW_OUT, NEE, NETRAD, P, PA, PPFD_BC_IN, PPFD_IN, PPFD_OUT, RH, SC, SH, SLE, SWC, SW_DIF, SW_IN, SW_OUT, TA, T_CANOPY, THROUGHFALL, TS, T_SONIC, T_SONIC_SIGMA, USTAR, VPD, V_SIGMA, WD, WS, WS_MAX"	""
"US-xDL"	"NEON Dead Lake (DELA)"	"National Ecological Observatory Network (neon-ameriflux@battelleecology.org)"	"CC-BY-4.0"	"Yes"	"Yes"	"MF"	"Mixed Forests: Lands dominated by trees with a percent cover >60% and height exceeding 2 meters.  Consists of tree communities with interspersed mixtures or mosaics of the other four forest types.  None of the forest types exceeds 60% of landscape."	"Cfa"	"Humid Subtropical: mild with no dry season, hot summer"	"1372"	"17.6"	"USA"	"32.5417"	"-87.8039"	"22"	"2017, 2018, 2019, 2020, 2021, 2022"	"https://doi.org/10.17190/AMF/1579721"	"2017, 2018, 2019, 2020, 2021"	"https://doi.org/10.17190/AMF/1985438"	"2017"	""	"CH4, CH4_MIXING_RATIO, CO2, CO2_MIXING_RATIO, FC, FETCH_90, FETCH_MAX, G, H, H2O, H2O_MIXING_RATIO, LE, LW_BC_IN, LW_BC_OUT, LW_IN, LW_OUT, NEE, NETRAD, P, PA, PPFD_BC_IN, PPFD_IN, PPFD_OUT, RH, SC, SH, SLE, SWC, SW_DIF, SW_IN, SW_OUT, TA, T_CANOPY, THROUGHFALL, TS, T_SONIC, T_SONIC_SIGMA, USTAR, VPD, V_SIGMA, WD, WS, WS_MAX"	""
"US-xDS"	"NEON Disney Wilderness Preserve (DSNY)"	"National Ecological Observatory Network (neon-ameriflux@battelleecology.org)"	"CC-BY-4.0"	"Yes"	"Yes"	"CVM"	"Cropland/Natural Vegetation Mosaics: Lands with a mosaic of croplands, forest, shrublands, and grasslands in which no one component comprises more than 60% of the landscape"	"Cfa"	"Humid Subtropical: mild with no dry season, hot summer"	"1216.09"	"22.5"	"USA"	"28.1250"	"-81.4362"	"15"	"2017, 2018, 2019, 2020, 2021, 2022"	"https://doi.org/10.17190/AMF/1671895"	"2017, 2018, 2019, 2020, 2021"	"https://doi.org/10.17190/AMF/1985439"	"2017"	""	"CH4, CH4_MIXING_RATIO, CO2, CO2_MIXING_RATIO, FC, FETCH_90, FETCH_MAX, G, H, H2O, H2O_MIXING_RATIO, LE, LW_BC_IN, LW_BC_OUT, LW_IN, LW_OUT, NEE, NETRAD, P, PA, PPFD_BC_IN, PPFD_IN, PPFD_OUT, RH, SC, SH, SLE, SWC, SW_DIF, SW_IN, SW_OUT, TA, T_CANOPY, THROUGHFALL, TS, T_SONIC, T_SONIC_SIGMA, USTAR, VPD, V_SIGMA, WD, WS, WS_MAX"	""
"US-xGR"	"NEON Great Smoky Mountains National Park, Twin Creeks (GRSM)"	"National Ecological Observatory Network (neon-ameriflux@battelleecology.org)"	"CC-BY-4.0"	"Yes"	"Yes"	"DBF"	"Deciduous Broadleaf Forests: Lands dominated by woody vegetation with a percent cover >60% and height exceeding 2 meters.  Consists of broadleaf tree communities with an annual cycle of leaf-on and leaf-off periods."	"Cfa"	"Humid Subtropical: mild with no dry season, hot summer"	"1375"	"13.1"	"USA"	"35.6890"	"-83.5019"	"579"	"2017, 2018, 2019, 2020, 2021, 2022"	"https://doi.org/10.17190/AMF/1634885"	"2017, 2018, 2019, 2020, 2021"	"https://doi.org/10.17190/AMF/1985440"	"2017"	""	"CH4, CH4_MIXING_RATIO, CO2, CO2_MIXING_RATIO, FC, FETCH_90, FETCH_MAX, G, H, H2O, H2O_MIXING_RATIO, LE, LW_BC_IN, LW_BC_OUT, LW_IN, LW_OUT, NEE, NETRAD, P, PA, PPFD_BC_IN, PPFD_IN, PPFD_OUT, RH, SC, SH, SLE, SWC, SW_DIF, SW_IN, SW_OUT, TA, T_CANOPY, THROUGHFALL, TS, T_SONIC, T_SONIC_SIGMA, USTAR, VPD, V_SIGMA, WD, WS, WS_MAX"	""
"US-xHA"	"NEON Harvard Forest (HARV)"	"National Ecological Observatory Network (neon-ameriflux@battelleecology.org)"	"CC-BY-4.0"	"Yes"	"Yes"	"DBF"	"Deciduous Broadleaf Forests: Lands dominated by woody vegetation with a percent cover >60% and height exceeding 2 meters.  Consists of broadleaf tree communities with an annual cycle of leaf-on and leaf-off periods."	"Dfb"	"Warm Summer Continental: significant precipitation in all seasons "	"1071"	"6.62"	"USA"	"42.5369"	"-72.1727"	"351"	"2017, 2018, 2019, 2020, 2021, 2022"	"https://doi.org/10.17190/AMF/1562391"	"2017, 2018, 2019, 2020, 2021"	"https://doi.org/10.17190/AMF/1985441"	"2017"	""	"CH4, CH4_MIXING_RATIO, CO2, CO2_MIXING_RATIO, FC, FETCH_90, FETCH_MAX, G, H, H2O, H2O_MIXING_RATIO, LE, LW_BC_IN, LW_BC_OUT, LW_IN, LW_OUT, NEE, NETRAD, P, PA, PPFD_BC_IN, PPFD_IN, PPFD_OUT, RH, SC, SH, SLE, SWC, SW_DIF, SW_IN, SW_OUT, TA, T_CANOPY, THROUGHFALL, TS, T_SONIC, T_SONIC_SIGMA, USTAR, VPD, V_SIGMA, WD, WS, WS_MAX"	""
"US-xHE"	"NEON Healy (HEAL)"	"National Ecological Observatory Network (neon-ameriflux@battelleecology.org)"	"CC-BY-4.0"	"Yes"	"Yes"	"OSH"	"Open Shrublands: Lands with woody vegetation less than 2 meters tall and with shrub canopy cover between 10-60%. The shrub foliage can be either evergreen or deciduous."	"ET"	"Tundra"	"320"	"-4"	"USA"	"63.8757"	"-149.2133"	"705"	"2017, 2018, 2019, 2020, 2021, 2022"	"https://doi.org/10.17190/AMF/1617729"	"2017, 2018, 2019, 2020, 2021"	"https://doi.org/10.17190/AMF/1985442"	"2017"	""	"CH4, CH4_MIXING_RATIO, CO2, CO2_MIXING_RATIO, FC, FETCH_90, FETCH_MAX, G, H, H2O, H2O_MIXING_RATIO, LE, LW_BC_IN, LW_BC_OUT, LW_IN, LW_OUT, NEE, NETRAD, P, PA, PPFD_BC_IN, PPFD_IN, PPFD_OUT, RH, SC, SH, SLE, SWC, SW_DIF, SW_IN, SW_OUT, TA, T_CANOPY, TS, T_SONIC, T_SONIC_SIGMA, USTAR, VPD, V_SIGMA, WD, WS, WS_MAX"	""
"US-xJE"	"NEON Jones Ecological Research Center (JERC)"	"National Ecological Observatory Network (neon-ameriflux@battelleecology.org)"	"CC-BY-4.0"	"Yes"	"Yes"	"ENF"	"Evergreen Needleleaf Forests: Lands dominated by woody vegetation with a percent cover >60% and height exceeding 2 meters. Almost all trees remain green all year. Canopy is never without green foliage."	"Cfa"	"Humid Subtropical: mild with no dry season, hot summer"	"1307.97"	"19.2"	"USA"	"31.1948"	"-84.4686"	"44"	"2017, 2018, 2019, 2020, 2021, 2022"	"https://doi.org/10.17190/AMF/1617730"	"2017, 2018, 2019, 2020, 2021"	"https://doi.org/10.17190/AMF/1985443"	"2017"	""	"CH4, CH4_MIXING_RATIO, CO2, CO2_MIXING_RATIO, FC, FETCH_90, FETCH_MAX, G, H, H2O, H2O_MIXING_RATIO, LE, LW_BC_IN, LW_BC_OUT, LW_IN, LW_OUT, NEE, NETRAD, P, PA, PPFD_BC_IN, PPFD_IN, PPFD_OUT, RH, SC, SH, SLE, SWC, SW_DIF, SW_IN, SW_OUT, TA, T_CANOPY, THROUGHFALL, TS, T_SONIC, T_SONIC_SIGMA, USTAR, VPD, V_SIGMA, WD, WS, WS_MAX"	""
"US-xJR"	"NEON Jornada LTER (JORN)"	"National Ecological Observatory Network (neon-ameriflux@battelleecology.org)"	"CC-BY-4.0"	"Yes"	"Yes"	"OSH"	"Open Shrublands: Lands with woody vegetation less than 2 meters tall and with shrub canopy cover between 10-60%. The shrub foliage can be either evergreen or deciduous."	"Bsk"	"Steppe: warm winter"	"271.33"	"15.7"	"USA"	"32.5907"	"-106.8425"	"1329"	"2017, 2018, 2019, 2020, 2021, 2022"	"https://doi.org/10.17190/AMF/1617731"	"2019, 2020, 2021"	"https://doi.org/10.17190/AMF/2229408"	"2017"	""	"CH4, CH4_MIXING_RATIO, CO2, CO2_MIXING_RATIO, FC, FETCH_90, FETCH_MAX, G, H, H2O, H2O_MIXING_RATIO, LE, LW_BC_IN, LW_BC_OUT, LW_IN, LW_OUT, NEE, NETRAD, P, PA, PPFD_BC_IN, PPFD_IN, PPFD_OUT, RH, SC, SH, SLE, SWC, SW_DIF, SW_IN, SW_OUT, TA, T_CANOPY, THROUGHFALL, TS, T_SONIC, T_SONIC_SIGMA, USTAR, VPD, V_SIGMA, WD, WS, WS_MAX"	""
"US-xKA"	"NEON Konza Prairie Biological Station - Relocatable (KONA)"	"National Ecological Observatory Network (neon-ameriflux@battelleecology.org)"	"CC-BY-4.0"	"Yes"	"Yes"	"GRA"	"Grasslands: Lands with herbaceous types of cover. Tree and shrub cover is less than 10%. Permanent wetlands lands with a permanent mixture of water and herbaceous or woody vegetation. The vegetation can be present in either salt, brackish, or fresh water."	"Cfa"	"Humid Subtropical: mild with no dry season, hot summer"	"850.63"	"12.7"	"USA"	"39.1104"	"-96.6129"	"1329"	"2017, 2018, 2019, 2020, 2021, 2022"	"https://doi.org/10.17190/AMF/1579722"	"2017, 2018, 2019, 2020, 2021"	"https://doi.org/10.17190/AMF/1985444"	"2017"	""	"CH4, CH4_MIXING_RATIO, CO2, CO2_MIXING_RATIO, FC, FETCH_90, FETCH_MAX, G, H, H2O, H2O_MIXING_RATIO, LE, LW_BC_IN, LW_BC_OUT, LW_IN, LW_OUT, NEE, NETRAD, P, PA, PPFD_BC_IN, PPFD_IN, PPFD_OUT, RH, SC, SH, SLE, SWC, SW_DIF, SW_IN, SW_OUT, TA, T_CANOPY, THROUGHFALL, TS, T_SONIC, T_SONIC_SIGMA, USTAR, VPD, V_SIGMA, WD, WS, WS_MAX"	""
"US-xKZ"	"NEON Konza Prairie Biological Station (KONZ)"	"National Ecological Observatory Network (neon-ameriflux@battelleecology.org)"	"CC-BY-4.0"	"Yes"	"Yes"	"GRA"	"Grasslands: Lands with herbaceous types of cover. Tree and shrub cover is less than 10%. Permanent wetlands lands with a permanent mixture of water and herbaceous or woody vegetation. The vegetation can be present in either salt, brackish, or fresh water."	"Cfa"	"Humid Subtropical: mild with no dry season, hot summer"	"870.38"	"12.4"	"USA"	"39.1008"	"-96.5631"	"381"	"2017, 2018, 2019, 2020, 2021, 2022"	"https://doi.org/10.17190/AMF/1562392"	"2017, 2018, 2019, 2020, 2021"	"https://doi.org/10.17190/AMF/1985445"	"2017"	""	"CH4, CH4_MIXING_RATIO, CO2, CO2_MIXING_RATIO, FC, FETCH_90, FETCH_MAX, G, H, H2O, H2O_MIXING_RATIO, LE, LW_BC_IN, LW_BC_OUT, LW_IN, LW_OUT, NEE, NETRAD, P, PA, PPFD_BC_IN, PPFD_IN, PPFD_OUT, RH, SC, SH, SLE, SWC, SW_DIF, SW_IN, SW_OUT, TA, T_CANOPY, THROUGHFALL, TS, T_SONIC, T_SONIC_SIGMA, USTAR, VPD, V_SIGMA, WD, WS, WS_MAX"	""
"US-xLE"	"NEON Lenoir Landing (LENO)"	"National Ecological Observatory Network (neon-ameriflux@battelleecology.org)"	"CC-BY-4.0"	"Yes"	"No"	"DBF"	"Deciduous Broadleaf Forests: Lands dominated by woody vegetation with a percent cover >60% and height exceeding 2 meters.  Consists of broadleaf tree communities with an annual cycle of leaf-on and leaf-off periods."	"Cfa"	"Humid Subtropical: mild with no dry season, hot summer"	"1386.24"	"18.1"	"USA"	"31.8539"	"-88.1612"	"20"	"2017, 2018, 2019, 2020, 2021, 2022"	"https://doi.org/10.17190/AMF/1773398"	""	"https://doi.org/"	"2017"	""	"CH4, CH4_MIXING_RATIO, CO2, CO2_MIXING_RATIO, FC, FETCH_90, FETCH_MAX, G, H, H2O, H2O_MIXING_RATIO, LE, LW_BC_IN, LW_BC_OUT, LW_IN, LW_OUT, NEE, NETRAD, P, PA, PPFD_BC_IN, PPFD_IN, PPFD_OUT, RH, SC, SH, SLE, SWC, SW_DIF, SW_IN, SW_OUT, TA, T_CANOPY, THROUGHFALL, TS, T_SONIC, T_SONIC_SIGMA, USTAR, VPD, V_SIGMA, WD, WS, WS_MAX"	""
"US-xMB"	"NEON Moab (MOAB)"	"National Ecological Observatory Network (neon-ameriflux@battelleecology.org)"	"CC-BY-4.0"	"Yes"	"Yes"	"OSH"	"Open Shrublands: Lands with woody vegetation less than 2 meters tall and with shrub canopy cover between 10-60%. The shrub foliage can be either evergreen or deciduous."	"Bsk"	"Steppe: warm winter"	"319.46"	"10.1"	"USA"	"38.2483"	"-109.3883"	"1767"	"2017, 2018, 2019, 2020, 2021, 2022"	"https://doi.org/10.17190/AMF/1671896"	"2017, 2018, 2019, 2020, 2021"	"https://doi.org/10.17190/AMF/1985446"	"2017"	""	"CH4, CH4_MIXING_RATIO, CO2, CO2_MIXING_RATIO, FC, FETCH_90, FETCH_MAX, G, H, H2O, H2O_MIXING_RATIO, LE, LW_BC_IN, LW_BC_OUT, LW_IN, LW_OUT, NEE, NETRAD, P, PA, PPFD_BC_IN, PPFD_IN, PPFD_OUT, RH, SC, SH, SLE, SWC, SW_DIF, SW_IN, SW_OUT, TA, T_CANOPY, TS, T_SONIC, T_SONIC_SIGMA, USTAR, VPD, V_SIGMA, WD, WS, WS_MAX"	""
"US-xML"	"NEON Mountain Lake Biological Station (MLBS)"	"National Ecological Observatory Network (neon-ameriflux@battelleecology.org)"	"CC-BY-4.0"	"Yes"	"Yes"	"DBF"	"Deciduous Broadleaf Forests: Lands dominated by woody vegetation with a percent cover >60% and height exceeding 2 meters.  Consists of broadleaf tree communities with an annual cycle of leaf-on and leaf-off periods."	"Dfb"	"Warm Summer Continental: significant precipitation in all seasons "	"1227.82"	"8.8"	"USA"	"37.3783"	"-80.5248"	"1126"	"2017, 2018, 2019, 2020, 2021, 2022"	"https://doi.org/10.17190/AMF/1671897"	"2017, 2018, 2019, 2020, 2021"	"https://doi.org/10.17190/AMF/1985447"	"2017"	""	"CH4, CH4_MIXING_RATIO, CO2, CO2_MIXING_RATIO, FC, FETCH_90, FETCH_MAX, G, H, H2O, H2O_MIXING_RATIO, LE, LW_BC_IN, LW_BC_OUT, LW_IN, LW_OUT, NEE, NETRAD, P, PA, PPFD_BC_IN, PPFD_IN, PPFD_OUT, RH, SC, SH, SLE, SWC, SW_DIF, SW_IN, SW_OUT, TA, T_CANOPY, THROUGHFALL, TS, T_SONIC, T_SONIC_SIGMA, USTAR, VPD, V_SIGMA, WD, WS, WS_MAX"	""
"US-xNG"	"NEON Northern Great Plains Research Laboratory (NOGP)"	"National Ecological Observatory Network (neon-ameriflux@battelleecology.org)"	"CC-BY-4.0"	"Yes"	"Yes"	"GRA"	"Grasslands: Lands with herbaceous types of cover. Tree and shrub cover is less than 10%. Permanent wetlands lands with a permanent mixture of water and herbaceous or woody vegetation. The vegetation can be present in either salt, brackish, or fresh water."	"Dfb"	"Warm Summer Continental: significant precipitation in all seasons "	"456.51"	"5.9"	"USA"	"46.7697"	"-100.9154"	"578"	"2017, 2018, 2019, 2020, 2021, 2022"	"https://doi.org/10.17190/AMF/1617732"	"2017, 2018, 2019, 2020, 2021"	"https://doi.org/10.17190/AMF/1985448"	"2017"	""	"CH4, CH4_MIXING_RATIO, CO2, CO2_MIXING_RATIO, FC, FETCH_90, FETCH_MAX, G, H, H2O, H2O_MIXING_RATIO, LE, LW_BC_IN, LW_BC_OUT, LW_IN, LW_OUT, NEE, NETRAD, P, PA, PPFD_BC_IN, PPFD_IN, PPFD_OUT, RH, SC, SH, SLE, SWC, SW_DIF, SW_IN, SW_OUT, TA, T_CANOPY, TS, T_SONIC, T_SONIC_SIGMA, USTAR, VPD, V_SIGMA, WD, WS, WS_MAX"	""
"US-xNQ"	"NEON Onaqui-Ault (ONAQ)"	"National Ecological Observatory Network (neon-ameriflux@battelleecology.org)"	"CC-BY-4.0"	"Yes"	"Yes"	"OSH"	"Open Shrublands: Lands with woody vegetation less than 2 meters tall and with shrub canopy cover between 10-60%. The shrub foliage can be either evergreen or deciduous."	"Dfb"	"Warm Summer Continental: significant precipitation in all seasons "	"288.31"	"9"	"USA"	"40.1776"	"-112.4524"	"1685"	"2017, 2018, 2019, 2020, 2021, 2022"	"https://doi.org/10.17190/AMF/1617733"	"2017, 2018, 2019, 2020, 2021"	"https://doi.org/10.17190/AMF/1985449"	"2017"	""	"CH4, CH4_MIXING_RATIO, CO2, CO2_MIXING_RATIO, FC, FETCH_90, FETCH_MAX, G, H, H2O, H2O_MIXING_RATIO, LE, LW_BC_IN, LW_BC_OUT, LW_IN, LW_OUT, NEE, NETRAD, P, PA, PPFD_BC_IN, PPFD_IN, PPFD_OUT, RH, SC, SH, SLE, SWC, SW_DIF, SW_IN, SW_OUT, TA, T_CANOPY, TS, T_SONIC, T_SONIC_SIGMA, USTAR, VPD, V_SIGMA, WD, WS, WS_MAX"	""
"US-xNW"	"NEON Niwot Ridge Mountain Research Station (NIWO)"	"National Ecological Observatory Network (neon-ameriflux@battelleecology.org)"	"CC-BY-4.0"	"Yes"	"No"	"ENF"	"Evergreen Needleleaf Forests: Lands dominated by woody vegetation with a percent cover >60% and height exceeding 2 meters. Almost all trees remain green all year. Canopy is never without green foliage."	"Dfc"	"Subarctic: severe winter, no dry season, cool summer"	"1004.54"	"0.3"	"USA"	"40.0543"	"-105.5824"	"3513"	"2017, 2018, 2019, 2020, 2021, 2022"	"https://doi.org/10.17190/AMF/1671898"	""	"https://doi.org/"	"2017"	""	"CH4, CH4_MIXING_RATIO, CO2, CO2_MIXING_RATIO, FC, FETCH_90, FETCH_MAX, G, H, H2O, H2O_MIXING_RATIO, LE, LW_BC_IN, LW_BC_OUT, LW_IN, LW_OUT, NEE, NETRAD, P, PA, PPFD_BC_IN, PPFD_IN, PPFD_OUT, RH, SC, SH, SLE, SWC, SW_DIF, SW_IN, SW_OUT, TA, T_CANOPY, TS, T_SONIC, T_SONIC_SIGMA, USTAR, VPD, V_SIGMA, WD, WS, WS_MAX"	""
"US-xPU"	"NEON Pu'u Maka'ala Natural Area Reserve (PUUM)"	"National Ecological Observatory Network (neon-ameriflux@battelleecology.org)"	"CC-BY-4.0"	"Yes"	"No"	"EBF"	"Evergreen Broadleaf Forests: Lands dominated by woody vegetation with a percent cover >60% and height exceeding 2 meters. Almost all trees and shrubs remain green year round. Canopy is never without green foliage."	"Cfb"	"Marine West Coast: mild with no dry season, warm summer"	"2685"	"13"	"USA"	"19.5531"	"-155.3173"	"1685"	"2019, 2020, 2021, 2022"	"https://doi.org/10.17190/AMF/1773399"	""	"https://doi.org/"	"2019"	""	"CH4, CH4_MIXING_RATIO, CO2, CO2_MIXING_RATIO, FC, FETCH_90, FETCH_MAX, G, H, H2O, H2O_MIXING_RATIO, LE, LW_BC_IN, LW_BC_OUT, LW_IN, LW_OUT, NEE, NETRAD, P, PA, PPFD_BC_IN, PPFD_IN, PPFD_OUT, RH, SC, SH, SLE, SW_DIF, SW_IN, SW_OUT, TA, T_CANOPY, THROUGHFALL, T_SONIC, T_SONIC_SIGMA, USTAR, VPD, V_SIGMA, WD, WS, WS_MAX"	""
"US-xRM"	"NEON Rocky Mountain National Park, CASTNET (RMNP)"	"National Ecological Observatory Network (neon-ameriflux@battelleecology.org)"	"CC-BY-4.0"	"Yes"	"Yes"	"ENF"	"Evergreen Needleleaf Forests: Lands dominated by woody vegetation with a percent cover >60% and height exceeding 2 meters. Almost all trees remain green all year. Canopy is never without green foliage."	"Dfc"	"Subarctic: severe winter, no dry season, cool summer"	"730.59"	"2.9"	"USA"	"40.2759"	"-105.5459"	"2743"	"2017, 2018, 2019, 2020, 2021, 2022"	"https://doi.org/10.17190/AMF/1579723"	"2017, 2018, 2019, 2020, 2021"	"https://doi.org/10.17190/AMF/1985450"	"2017"	""	"CH4, CH4_MIXING_RATIO, CO2, CO2_MIXING_RATIO, FC, FETCH_90, FETCH_MAX, G, H, H2O, H2O_MIXING_RATIO, LE, LW_BC_IN, LW_BC_OUT, LW_IN, LW_OUT, NEE, NETRAD, P, PA, PPFD_BC_IN, PPFD_IN, PPFD_OUT, RH, SC, SH, SLE, SWC, SW_DIF, SW_IN, SW_OUT, TA, T_CANOPY, THROUGHFALL, TS, T_SONIC, T_SONIC_SIGMA, USTAR, VPD, V_SIGMA, WD, WS, WS_MAX"	""
"US-xRN"	"NEON Oak Ridge National Lab (ORNL)"	"National Ecological Observatory Network (neon-ameriflux@battelleecology.org)"	"CC-BY-4.0"	"Yes"	"No"	"DBF"	"Deciduous Broadleaf Forests: Lands dominated by woody vegetation with a percent cover >60% and height exceeding 2 meters.  Consists of broadleaf tree communities with an annual cycle of leaf-on and leaf-off periods."	"Cfa"	"Humid Subtropical: mild with no dry season, hot summer"	"1340.32"	"14.4"	"USA"	"35.9641"	"-84.2826"	"334"	"2017, 2018, 2019, 2020, 2021, 2022"	"https://doi.org/10.17190/AMF/1773400"	""	"https://doi.org/"	"2017"	""	"CH4, CH4_MIXING_RATIO, CO2, CO2_MIXING_RATIO, FC, FETCH_90, FETCH_MAX, G, H, H2O, H2O_MIXING_RATIO, LE, LW_BC_IN, LW_BC_OUT, LW_IN, LW_OUT, NEE, NETRAD, P, PA, PPFD_BC_IN, PPFD_IN, PPFD_OUT, RH, SC, SH, SLE, SWC, SW_DIF, SW_IN, SW_OUT, TA, T_CANOPY, THROUGHFALL, TS, T_SONIC, T_SONIC_SIGMA, USTAR, VPD, V_SIGMA, WD, WS, WS_MAX"	""
"US-xSB"	"NEON Ordway-Swisher Biological Station (OSBS)"	"National Ecological Observatory Network (neon-ameriflux@battelleecology.org)"	"CC-BY-4.0"	"Yes"	"Yes"	"ENF"	"Evergreen Needleleaf Forests: Lands dominated by woody vegetation with a percent cover >60% and height exceeding 2 meters. Almost all trees remain green all year. Canopy is never without green foliage."	"Cfa"	"Humid Subtropical: mild with no dry season, hot summer"	"1302.09"	"20.9"	"USA"	"29.6893"	"-81.9934"	"45"	"2017, 2018, 2019, 2020, 2021, 2022"	"https://doi.org/10.17190/AMF/1671899"	"2017, 2018, 2019, 2020, 2021"	"https://doi.org/10.17190/AMF/1985451"	"2016"	""	"CH4, CH4_MIXING_RATIO, CO2, CO2_MIXING_RATIO, FC, FETCH_90, FETCH_MAX, G, H, H2O, H2O_MIXING_RATIO, LE, LW_BC_IN, LW_BC_OUT, LW_IN, LW_OUT, NEE, NETRAD, P, PA, PPFD_BC_IN, PPFD_IN, PPFD_OUT, RH, SC, SH, SLE, SWC, SW_DIF, SW_IN, SW_OUT, TA, T_CANOPY, THROUGHFALL, TS, T_SONIC, T_SONIC_SIGMA, USTAR, VPD, V_SIGMA, WD, WS, WS_MAX"	""
"US-xSC"	"NEON Smithsonian Conservation Biology Institute (SCBI)"	"National Ecological Observatory Network (neon-ameriflux@battelleecology.org)"	"CC-BY-4.0"	"Yes"	"Yes"	"DBF"	"Deciduous Broadleaf Forests: Lands dominated by woody vegetation with a percent cover >60% and height exceeding 2 meters.  Consists of broadleaf tree communities with an annual cycle of leaf-on and leaf-off periods."	"Cfa"	"Humid Subtropical: mild with no dry season, hot summer"	"1125.5"	"11.6"	"USA"	"38.8929"	"-78.1395"	"361"	"2016, 2017, 2018, 2019, 2020, 2021, 2022"	"https://doi.org/10.17190/AMF/1671900"	"2019, 2020, 2021"	"https://doi.org/10.17190/AMF/2229409"	"2016"	""	"CH4, CH4_MIXING_RATIO, CO2, CO2_MIXING_RATIO, FC, FETCH_90, FETCH_MAX, G, H, H2O, H2O_MIXING_RATIO, LE, LW_BC_IN, LW_BC_OUT, LW_IN, LW_OUT, NEE, NETRAD, P, PA, PPFD_BC_IN, PPFD_IN, PPFD_OUT, RH, SC, SH, SLE, SWC, SW_DIF, SW_IN, SW_OUT, TA, T_CANOPY, THROUGHFALL, TS, T_SONIC, T_SONIC_SIGMA, USTAR, VPD, V_SIGMA, WD, WS, WS_MAX"	""
"US-xSE"	"NEON Smithsonian Environmental Research Center (SERC)"	"National Ecological Observatory Network (neon-ameriflux@battelleecology.org)"	"CC-BY-4.0"	"Yes"	"Yes"	"DBF"	"Deciduous Broadleaf Forests: Lands dominated by woody vegetation with a percent cover >60% and height exceeding 2 meters.  Consists of broadleaf tree communities with an annual cycle of leaf-on and leaf-off periods."	"Cfa"	"Humid Subtropical: mild with no dry season, hot summer"	"1074.65"	"13.6"	"USA"	"38.8901"	"-76.5600"	"15"	"2017, 2018, 2019, 2020, 2021, 2022"	"https://doi.org/10.17190/AMF/1617734"	"2017, 2018, 2019, 2020, 2021"	"https://doi.org/10.17190/AMF/1985452"	"2016"	""	"CH4, CH4_MIXING_RATIO, CO2, CO2_MIXING_RATIO, FC, FETCH_90, FETCH_MAX, G, H, H2O, H2O_MIXING_RATIO, LE, LW_BC_IN, LW_BC_OUT, LW_IN, LW_OUT, NEE, NETRAD, P, PA, PPFD_BC_IN, PPFD_IN, PPFD_OUT, RH, SC, SH, SLE, SWC, SW_DIF, SW_IN, SW_OUT, TA, T_CANOPY, THROUGHFALL, TS, T_SONIC, T_SONIC_SIGMA, USTAR, VPD, V_SIGMA, WD, WS, WS_MAX"	""
"US-xSJ"	"NEON San Joaquin Experimental Range (SJER)"	"National Ecological Observatory Network (neon-ameriflux@battelleecology.org)"	"CC-BY-4.0"	"Yes"	"Yes"	"SAV"	"Savannas: Lands with herbaceous and other understory systems, and with forest canopy cover between 10-30%. The forest cover height exceeds 2 meters."	"Csa"	"Mediterranean: mild with dry, hot summer"	"539.62"	"16.4"	"USA"	"37.1088"	"-119.7323"	"368"	"2018, 2019, 2020, 2021, 2022"	"https://doi.org/10.17190/AMF/1671901"	"2019, 2020, 2021"	"https://doi.org/10.17190/AMF/2229410"	"2018"	""	"CH4, CH4_MIXING_RATIO, CO2, CO2_MIXING_RATIO, FC, FETCH_90, FETCH_MAX, G, H, H2O, H2O_MIXING_RATIO, LE, LW_BC_IN, LW_BC_OUT, LW_IN, LW_OUT, NEE, NETRAD, P, PA, PPFD_BC_IN, PPFD_IN, PPFD_OUT, RH, SC, SH, SLE, SWC, SW_DIF, SW_IN, SW_OUT, TA, T_CANOPY, THROUGHFALL, TS, T_SONIC, T_SONIC_SIGMA, USTAR, VPD, V_SIGMA, WD, WS, WS_MAX"	""
"US-xSL"	"NEON North Sterling, CO (STER)"	"National Ecological Observatory Network (neon-ameriflux@battelleecology.org)"	"CC-BY-4.0"	"Yes"	"Yes"	"CRO"	"Croplands: Lands covered with temporary crops followed by harvest and a bare soil period (e.g., single and multiple cropping systems). Note that perennial woody crops will be classified as the appropriate forest or shrub land cover type."	"Bsk"	"Steppe: warm winter"	"432.67"	"9.7"	"USA"	"40.4619"	"-103.0293"	"1364"	"2017, 2018, 2019, 2020, 2021, 2022"	"https://doi.org/10.17190/AMF/1617735"	"2019, 2020, 2021"	"https://doi.org/10.17190/AMF/2229411"	"2017"	""	"CH4, CH4_MIXING_RATIO, CO2, CO2_MIXING_RATIO, FC, FETCH_90, FETCH_MAX, G, H, H2O, H2O_MIXING_RATIO, LE, LW_BC_IN, LW_BC_OUT, LW_IN, LW_OUT, NEE, NETRAD, P, PA, PPFD_BC_IN, PPFD_IN, PPFD_OUT, RH, SC, SH, SLE, SWC, SW_DIF, SW_IN, SW_OUT, TA, T_CANOPY, THROUGHFALL, TS, T_SONIC, T_SONIC_SIGMA, USTAR, VPD, V_SIGMA, WD, WS, WS_MAX"	""
"US-xSP"	"NEON Soaproot Saddle (SOAP)"	"National Ecological Observatory Network (neon-ameriflux@battelleecology.org)"	"CC-BY-4.0"	"Yes"	"No"	"ENF"	"Evergreen Needleleaf Forests: Lands dominated by woody vegetation with a percent cover >60% and height exceeding 2 meters. Almost all trees remain green all year. Canopy is never without green foliage."	"Csa"	"Mediterranean: mild with dry, hot summer"	"900.35"	"13.4"	"USA"	"37.0334"	"-119.2622"	"1160"	"2017, 2018, 2019, 2020, 2021, 2022"	"https://doi.org/10.17190/AMF/1617736"	""	"https://doi.org/"	"2017"	""	"CH4, CH4_MIXING_RATIO, CO2, CO2_MIXING_RATIO, FC, FETCH_90, FETCH_MAX, G, H, H2O, H2O_MIXING_RATIO, LE, LW_BC_IN, LW_BC_OUT, LW_IN, LW_OUT, NEE, NETRAD, P, PA, PPFD_BC_IN, PPFD_IN, PPFD_OUT, RH, SC, SH, SLE, SWC, SW_DIF, SW_IN, SW_OUT, TA, T_CANOPY, THROUGHFALL, TS, T_SONIC, T_SONIC_SIGMA, USTAR, VPD, V_SIGMA, WD, WS, WS_MAX"	""
"US-xSR"	"NEON Santa Rita Experimental Range (SRER)"	"National Ecological Observatory Network (neon-ameriflux@battelleecology.org)"	"CC-BY-4.0"	"Yes"	"Yes"	"OSH"	"Open Shrublands: Lands with woody vegetation less than 2 meters tall and with shrub canopy cover between 10-60%. The shrub foliage can be either evergreen or deciduous."	"Bsk"	"Steppe: warm winter"	"346"	"19.3"	"USA"	"31.9107"	"-110.8355"	"983"	"2017, 2018, 2019, 2020, 2021, 2022"	"https://doi.org/10.17190/AMF/1579543"	"2017, 2018, 2019, 2020, 2021"	"https://doi.org/10.17190/AMF/1985453"	"2017"	""	"CH4, CH4_MIXING_RATIO, CO2, CO2_MIXING_RATIO, FC, FETCH_90, FETCH_MAX, G, H, H2O, H2O_MIXING_RATIO, LE, LW_BC_IN, LW_BC_OUT, LW_IN, LW_OUT, NEE, NETRAD, P, PA, PPFD_BC_IN, PPFD_IN, PPFD_OUT, RH, SC, SH, SLE, SWC, SW_DIF, SW_IN, SW_OUT, TA, T_CANOPY, THROUGHFALL, TS, T_SONIC, T_SONIC_SIGMA, USTAR, VPD, V_SIGMA, WD, WS, WS_MAX"	""
"US-xST"	"NEON Steigerwaldt Land Services (STEI)"	"National Ecological Observatory Network (neon-ameriflux@battelleecology.org)"	"CC-BY-4.0"	"Yes"	"Yes"	"DBF"	"Deciduous Broadleaf Forests: Lands dominated by woody vegetation with a percent cover >60% and height exceeding 2 meters.  Consists of broadleaf tree communities with an annual cycle of leaf-on and leaf-off periods."	"Dfb"	"Warm Summer Continental: significant precipitation in all seasons "	"797.56"	"4.8"	"USA"	"45.5089"	"-89.5864"	"481"	"2017, 2018, 2019, 2020, 2021, 2022"	"https://doi.org/10.17190/AMF/1617737"	"2017, 2018, 2019, 2020, 2021"	"https://doi.org/10.17190/AMF/1985454"	"2017"	""	"CH4, CH4_MIXING_RATIO, CO2, CO2_MIXING_RATIO, FC, FETCH_90, FETCH_MAX, G, H, H2O, H2O_MIXING_RATIO, LE, LW_BC_IN, LW_BC_OUT, LW_IN, LW_OUT, NEE, NETRAD, P, PA, PPFD_BC_IN, PPFD_IN, PPFD_OUT, RH, SC, SH, SLE, SWC, SW_DIF, SW_IN, SW_OUT, TA, T_CANOPY, THROUGHFALL, TS, T_SONIC, T_SONIC_SIGMA, USTAR, VPD, V_SIGMA, WD, WS, WS_MAX"	""
"US-xTA"	"NEON Talladega National Forest (TALL)"	"National Ecological Observatory Network (neon-ameriflux@battelleecology.org)"	"CC-BY-4.0"	"Yes"	"Yes"	"ENF"	"Evergreen Needleleaf Forests: Lands dominated by woody vegetation with a percent cover >60% and height exceeding 2 meters. Almost all trees remain green all year. Canopy is never without green foliage."	"Cfa"	"Humid Subtropical: mild with no dry season, hot summer"	"1382.68"	"17.2"	"USA"	"32.9505"	"-87.3933"	"135"	"2017, 2018, 2019, 2020, 2021, 2022"	"https://doi.org/10.17190/AMF/1671902"	"2017, 2018, 2019, 2020, 2021"	"https://doi.org/10.17190/AMF/1985455"	"2017"	""	"CH4, CH4_MIXING_RATIO, CO2, CO2_MIXING_RATIO, FC, FETCH_90, FETCH_MAX, G, H, H2O, H2O_MIXING_RATIO, LE, LW_BC_IN, LW_BC_OUT, LW_IN, LW_OUT, NEE, NETRAD, P, PA, PPFD_BC_IN, PPFD_IN, PPFD_OUT, RH, SC, SH, SLE, SWC, SW_DIF, SW_IN, SW_OUT, TA, T_CANOPY, THROUGHFALL, TS, T_SONIC, T_SONIC_SIGMA, USTAR, VPD, V_SIGMA, WD, WS, WS_MAX"	""
"US-xTE"	"NEON Lower Teakettle (TEAK)"	"National Ecological Observatory Network (neon-ameriflux@battelleecology.org)"	"CC-BY-4.0"	"Yes"	"No"	"ENF"	"Evergreen Needleleaf Forests: Lands dominated by woody vegetation with a percent cover >60% and height exceeding 2 meters. Almost all trees remain green all year. Canopy is never without green foliage."	"Csa"	"Mediterranean: mild with dry, hot summer"	"1222.5"	"8"	"USA"	"37.0058"	"-119.0060"	"2147"	"2018, 2019, 2020, 2021, 2022"	"https://doi.org/10.17190/AMF/1617738"	""	"https://doi.org/"	"2018"	""	"CH4, CH4_MIXING_RATIO, CO2, CO2_MIXING_RATIO, FC, FETCH_90, FETCH_MAX, G, H, H2O, H2O_MIXING_RATIO, LE, LW_BC_IN, LW_BC_OUT, LW_IN, LW_OUT, NEE, NETRAD, P, PA, PPFD_BC_IN, PPFD_IN, PPFD_OUT, RH, SC, SH, SLE, SWC, SW_DIF, SW_IN, SW_OUT, TA, T_CANOPY, THROUGHFALL, TS, T_SONIC, T_SONIC_SIGMA, USTAR, VPD, V_SIGMA, WD, WS, WS_MAX"	""
"US-xTL"	"NEON Toolik (TOOL)"	"National Ecological Observatory Network (neon-ameriflux@battelleecology.org)"	"CC-BY-4.0"	"Yes"	"No"	"WET"	"Permanent Wetlands: Lands with a permanent mixture of water and herbaceous or woody vegetation that cover extensive areas. The vegetation can be present in either salt, brackish, or fresh water"	"ET"	"Tundra"	"331"	"-4"	"USA"	"68.6611"	"-149.3705"	"843"	"2017, 2018, 2019, 2020, 2021, 2022"	"https://doi.org/10.17190/AMF/1617739"	""	"https://doi.org/"	"2017"	""	"CH4, CH4_MIXING_RATIO, CO2, CO2_MIXING_RATIO, FC, FETCH_90, FETCH_MAX, G, H, H2O, H2O_MIXING_RATIO, LE, LW_BC_IN, LW_BC_OUT, LW_IN, LW_OUT, NEE, NETRAD, P, PA, PPFD_BC_IN, PPFD_IN, PPFD_OUT, RH, SC, SH, SLE, SWC, SW_DIF, SW_IN, SW_OUT, TA, T_CANOPY, TS, T_SONIC, T_SONIC_SIGMA, USTAR, VPD, V_SIGMA, WD, WS, WS_MAX"	""
"US-xTR"	"NEON Treehaven (TREE)"	"National Ecological Observatory Network (neon-ameriflux@battelleecology.org)"	"CC-BY-4.0"	"Yes"	"Yes"	"DBF"	"Deciduous Broadleaf Forests: Lands dominated by woody vegetation with a percent cover >60% and height exceeding 2 meters.  Consists of broadleaf tree communities with an annual cycle of leaf-on and leaf-off periods."	"Dfb"	"Warm Summer Continental: significant precipitation in all seasons "	"797.56"	"4.8"	"USA"	"45.4937"	"-89.5857"	"472"	"2017, 2018, 2019, 2020, 2021, 2022"	"https://doi.org/10.17190/AMF/1634886"	"2017, 2018, 2019, 2020, 2021"	"https://doi.org/10.17190/AMF/1985456"	"2017"	""	"CH4, CH4_MIXING_RATIO, CO2, CO2_MIXING_RATIO, FC, FETCH_90, FETCH_MAX, G, H, H2O, H2O_MIXING_RATIO, LE, LW_BC_IN, LW_BC_OUT, LW_IN, LW_OUT, NEE, NETRAD, P, PA, PPFD_BC_IN, PPFD_IN, PPFD_OUT, RH, SC, SH, SLE, SWC, SW_DIF, SW_IN, SW_OUT, TA, T_CANOPY, THROUGHFALL, TS, T_SONIC, T_SONIC_SIGMA, USTAR, VPD, V_SIGMA, WD, WS, WS_MAX"	""
"US-xUK"	"NEON The University of Kansas Field Station (UKFS)"	"National Ecological Observatory Network (neon-ameriflux@battelleecology.org)"	"CC-BY-4.0"	"Yes"	"Yes"	"DBF"	"Deciduous Broadleaf Forests: Lands dominated by woody vegetation with a percent cover >60% and height exceeding 2 meters.  Consists of broadleaf tree communities with an annual cycle of leaf-on and leaf-off periods."	"Cfa"	"Humid Subtropical: mild with no dry season, hot summer"	"990.63"	"12.7"	"USA"	"39.0404"	"-95.1921"	"335"	"2017, 2018, 2019, 2020, 2021, 2022"	"https://doi.org/10.17190/AMF/1617740"	"2017, 2018, 2019, 2020, 2021"	"https://doi.org/10.17190/AMF/1985457"	"2017"	""	"CH4, CH4_MIXING_RATIO, CO2, CO2_MIXING_RATIO, FC, FETCH_90, FETCH_MAX, G, H, H2O, H2O_MIXING_RATIO, LE, LW_BC_IN, LW_BC_OUT, LW_IN, LW_OUT, NEE, NETRAD, P, PA, PPFD_BC_IN, PPFD_IN, PPFD_OUT, RH, SC, SH, SLE, SWC, SW_DIF, SW_IN, SW_OUT, TA, T_CANOPY, THROUGHFALL, TS, T_SONIC, T_SONIC_SIGMA, USTAR, VPD, V_SIGMA, WD, WS, WS_MAX"	""
"US-xUN"	"NEON University of Notre Dame Environmental Research Center (UNDE)"	"National Ecological Observatory Network (neon-ameriflux@battelleecology.org)"	"CC-BY-4.0"	"Yes"	"Yes"	"MF"	"Mixed Forests: Lands dominated by trees with a percent cover >60% and height exceeding 2 meters.  Consists of tree communities with interspersed mixtures or mosaics of the other four forest types.  None of the forest types exceeds 60% of landscape."	"Dfb"	"Warm Summer Continental: significant precipitation in all seasons "	"802.3"	"4.3"	"USA"	"46.2339"	"-89.5373"	"518"	"2017, 2018, 2019, 2020, 2021, 2022"	"https://doi.org/10.17190/AMF/1617741"	"2017, 2018, 2019, 2020, 2021"	"https://doi.org/10.17190/AMF/1985458"	"2017"	""	"CH4, CH4_MIXING_RATIO, CO2, CO2_MIXING_RATIO, FC, FETCH_90, FETCH_MAX, G, H, H2O, H2O_MIXING_RATIO, LE, LW_BC_IN, LW_BC_OUT, LW_IN, LW_OUT, NEE, NETRAD, P, PA, PPFD_BC_IN, PPFD_IN, PPFD_OUT, RH, SC, SH, SLE, SWC, SW_DIF, SW_IN, SW_OUT, TA, T_CANOPY, THROUGHFALL, TS, T_SONIC, T_SONIC_SIGMA, USTAR, VPD, V_SIGMA, WD, WS, WS_MAX"	""
"US-xWD"	"NEON Woodworth (WOOD)"	"National Ecological Observatory Network (neon-ameriflux@battelleecology.org)"	"CC-BY-4.0"	"Yes"	"Yes"	"GRA"	"Grasslands: Lands with herbaceous types of cover. Tree and shrub cover is less than 10%. Permanent wetlands lands with a permanent mixture of water and herbaceous or woody vegetation. The vegetation can be present in either salt, brackish, or fresh water."	"Dfb"	"Warm Summer Continental: significant precipitation in all seasons "	"493.76"	"4.9"	"USA"	"47.1282"	"-99.2414"	"579"	"2017, 2018, 2019, 2020, 2021, 2022"	"https://doi.org/10.17190/AMF/1579724"	"2019, 2020, 2021"	"https://doi.org/10.17190/AMF/2229412"	"2017"	""	"CH4, CH4_MIXING_RATIO, CO2, CO2_MIXING_RATIO, FC, FETCH_90, FETCH_MAX, G, H, H2O, H2O_MIXING_RATIO, LE, LW_BC_IN, LW_BC_OUT, LW_IN, LW_OUT, NEE, NETRAD, P, PA, PPFD_BC_IN, PPFD_IN, PPFD_OUT, RH, SC, SH, SLE, SWC, SW_DIF, SW_IN, SW_OUT, TA, T_CANOPY, TS, T_SONIC, T_SONIC_SIGMA, USTAR, VPD, V_SIGMA, WD, WS, WS_MAX"	""
"US-xWR"	"NEON Wind River Experimental Forest (WREF)"	"National Ecological Observatory Network (neon-ameriflux@battelleecology.org)"	"CC-BY-4.0"	"Yes"	"No"	"ENF"	"Evergreen Needleleaf Forests: Lands dominated by woody vegetation with a percent cover >60% and height exceeding 2 meters. Almost all trees remain green all year. Canopy is never without green foliage."	"Csb"	"Mediterranean: mild with dry, warm summer"	"2225.01"	"9.2"	"USA"	"45.8205"	"-121.9519"	"407"	"2018, 2019, 2020, 2021, 2022"	"https://doi.org/10.17190/AMF/1617742"	""	"https://doi.org/"	"2018"	""	"CH4, CH4_MIXING_RATIO, CO2, CO2_MIXING_RATIO, FC, FETCH_90, FETCH_MAX, G, H, H2O, H2O_MIXING_RATIO, LE, LW_BC_IN, LW_BC_OUT, LW_IN, LW_OUT, NEE, NETRAD, P, PA, PPFD_BC_IN, PPFD_IN, PPFD_OUT, RH, SC, SH, SLE, SWC, SW_DIF, SW_IN, SW_OUT, TA, T_CANOPY, THROUGHFALL, TS, T_SONIC, T_SONIC_SIGMA, USTAR, VPD, V_SIGMA, WD, WS, WS_MAX"	""
"US-xYE"	"NEON Yellowstone Northern Range (Frog Rock) (YELL)"	"National Ecological Observatory Network (neon-ameriflux@battelleecology.org)"	"CC-BY-4.0"	"Yes"	"Yes"	"ENF"	"Evergreen Needleleaf Forests: Lands dominated by woody vegetation with a percent cover >60% and height exceeding 2 meters. Almost all trees remain green all year. Canopy is never without green foliage."	"Dfc"	"Subarctic: severe winter, no dry season, cool summer"	"493.44"	"3.4"	"USA"	"44.9535"	"-110.5391"	"2116"	"2018, 2019, 2020, 2021, 2022"	"https://doi.org/10.17190/AMF/1617743"	"2018, 2019, 2020, 2021"	"https://doi.org/10.17190/AMF/1985459"	"2018"	""	"CH4, CH4_MIXING_RATIO, CO2, CO2_MIXING_RATIO, FC, FETCH_90, FETCH_MAX, G, H, H2O, H2O_MIXING_RATIO, LE, LW_BC_IN, LW_BC_OUT, LW_IN, LW_OUT, NEE, NETRAD, P, PA, PPFD_BC_IN, PPFD_IN, PPFD_OUT, RH, SC, SH, SLE, SWC, SW_DIF, SW_IN, SW_OUT, TA, T_CANOPY, THROUGHFALL, TS, T_SONIC, T_SONIC_SIGMA, USTAR, VPD, V_SIGMA, WD, WS, WS_MAX"	""
